mean,std,max,min,range,skewness,kurtosis,fft_magnitude_mean,fft_magnitude_std,fft_angle_mean,fft_angle_std,psd_mean,psd_std,psd_max,psd_min
2.2887710055714885e-07,0.0005593977898197166,0.1287350781826504,-0.18747342741576034,0.31620850559841074,-99.32648507693177,82523.69919321072,,,,,6.291308869428546e-07,9.746534438067542e-07,3.2175351166421234e-06,2.423706937300451e-10
